Player ID,Player Name,Format,Mat,Inns,NO,Runs,HS,Ave,Strike_Rate,Catch,Stump,100s,50s,6s,4s,BF,Tournament,Teams
26817,Abbas ali baig,Tests,10,18,0,428,112,23.77,,6,0,1,2,0,,,,
26817,Abbas ali baig,FC,235,391,29,12367,224*,34.16,,154,0,21,64,-,,,,
35933,Ajit wadekar,Tests,37,71,3,2113,143,31.07,-,46,0,1,14,2,-,-,,
35933,Ajit wadekar,ODIs,2,2,0,73,67,36.5,81.11,1,0,0,1,0,11,90,,
35933,Ajit wadekar,FC,237,360,33,15380,323,47.03,-,271,0,36,84,-,-,-,,
35933,Ajit wadekar,List A,5,4,1,193,87,64.33,-,3,0,0,2,-,-,-,,
31067,Amol muzumdar,FC,171,260,28,11167,260,48.13,-,162,0,30,60,-,-,-,,
31067,Amol muzumdar,List A,113,106,20,3286,109,38.2,-,40,0,3,26,-,-,-,,
31067,Amol muzumdar,T20s,14,13,4,174,57,19.33,109.43,3,0,0,1,2,13,159,,
6553,Andrew mcdonald,Tests,4,6,1,107,68,21.4,49.3,2,0,0,1,0,11,217,,
6553,Andrew mcdonald,FC,95,155,33,4825,176*,39.54,60.07,66,0,11,25,-,-,8032,,
6553,Andrew mcdonald,List A,100,86,23,1888,67,29.96,83.53,42,0,0,9,-,-,2260,,
6553,Andrew mcdonald,T20s,93,81,26,1743,96*,31.69,124.41,33,0,0,11,42,134,1401,,
6553,Andrew mcdonald,,13,12,2,230,60*,23,111.65,2,0,0,2,10,10,206,Big Bash League,2 teams
6553,Andrew mcdonald,,11,9,4,123,33*,24.6,123,0,0,0,0,4,9,100,IPL,2 teams
6553,Andrew mcdonald,,13,9,3,143,29*,23.83,115.32,5,0,0,0,4,11,124,Champions League,3 teams
6553,Andrew mcdonald,,21,20,7,758,96*,58.3,129.79,13,0,0,9,12,69,584,Vitality Blast,LEICS
30176,Anil kumble,Tests,132,173,32,2506,110*,17.77,38.82,60,0,1,5,9,302,6455,,
30176,Anil kumble,ODIs,271,136,47,938,26,10.53,61.06,85,0,0,0,6,57,1536,,
30176,Anil kumble,FC,244,318,61,5572,154*,21.68,-,120,0,7,17,-,-,-,,
30176,Anil kumble,List A,380,203,73,1456,30*,11.2,-,122,0,0,0,-,-,-,,
30176,Anil kumble,T20s,54,21,17,46,8,11.5,77.96,15,0,0,0,0,3,59,,
30176,Anil kumble,,9,2,2,2,1*,-,66.66,5,0,0,0,0,0,3,Champions League,RCB
30176,Anil kumble,,42,17,14,35,8,11.66,74.46,10,0,0,0,0,3,47,IPL,RCB
30176,Anil kumble,,2,1,0,8,8,8,114.28,0,0,0,0,0,0,7,Vitality Blast,SUR
53915,Anju jain,WTests,8,12,0,441,110,36.75,,15,8,1,3,,,,,
53915,Anju jain,WODIs,65,65,7,1729,90,29.81,,30,51,0,12,,,,,
7619,Bob simpson,Tests,62,111,7,4869,311,46.81,-,110,0,10,27,2,-,-,,
7619,Bob simpson,ODIs,2,2,0,36,23,18,67.92,4,0,0,0,1,3,53,,
7619,Bob simpson,FC,257,436,62,21029,359,56.22,-,383,0,60,100,-,-,-,,
7619,Bob simpson,List A,5,5,1,135,37,33.75,-,4,0,0,0,-,-,-,,
26962,Chandu borde,Tests,55,97,11,3061,177*,35.59,,37,0,5,18,,,,,
26962,Chandu borde,FC,251,370,57,12805,207*,40.91,,160,0,30,72,,,,,
6285,Darren lehmann,Tests,27,42,2,1798,177,44.95,61.8,11,0,5,10,10,214,2909,,
6285,Darren lehmann,ODIs,117,101,22,3078,119,38.96,81.34,26,0,4,17,14,227,3784,,
6285,Darren lehmann,FC,284,479,33,25795,339,57.83,-,143,0,82,111,-,-,-,,
6285,Darren lehmann,List A,367,341,61,13122,191,46.86,-,109,0,19,94,-,-,-,,
6285,Darren lehmann,T20s,17,17,4,381,48,29.3,117.95,4,0,0,0,2,43,323,,
6285,Darren lehmann,,2,2,0,18,17,9,100,0,0,0,0,0,3,18,IPL,RR
6285,Darren lehmann,,9,9,3,252,48,42,120,4,0,0,0,1,32,210,Vitality Blast,YORKS
55424,Duncan fletcher,ODIs,6,6,2,191,71*,47.75,66.08,0,0,0,2,0,14,289,,
55424,Duncan fletcher,FC,111,198,25,4095,93,23.67,-,75,0,0,20,-,-,-,,
55424,Duncan fletcher,List A,53,45,6,1119,108,28.69,-,20,0,1,7,-,-,-,,
45813,Gary kirsten,Tests,101,176,15,7289,275,45.27,43.43,83,0,21,34,12,922,16783,,
45813,Gary kirsten,ODIs,185,185,19,6798,188*,40.95,72.04,61,1,13,45,20,659,9436,,
45813,Gary kirsten,FC,221,387,42,16670,275,48.31,-,171,0,46,79,-,-,-,,
45813,Gary kirsten,List A,294,289,27,9586,188*,36.58,-,97,1,18,58,-,-,-,,
28763,Gautam gambhir,Tests,58,104,5,4154,206,41.95,51.49,38,0,9,22,10,518,8067,,
28763,Gautam gambhir,ODIs,147,143,11,5238,150*,39.68,85.25,36,0,11,34,17,561,6144,,
28763,Gautam gambhir,T20Is,37,36,2,932,75,27.41,119.02,11,0,0,7,10,109,783,,
28763,Gautam gambhir,FC,198,331,24,15153,233*,49.35,-,107,0,43,68,-,-,-,,
28763,Gautam gambhir,List A,299,292,19,10077,151,36.91,-,79,0,21,60,-,-,-,,
28763,Gautam gambhir,T20s,251,245,24,6402,93,28.96,120.58,51,0,0,53,90,747,5309,,
28763,Gautam gambhir,,154,152,16,4217,93,31,123.88,28,0,0,36,59,492,3404,IPL,2 teams
28763,Gautam gambhir,,18,17,2,328,80,21.86,118.84,5,0,0,3,9,33,276,Champions League,2 teams
6499,Geoff marsh,Tests,50,93,7,2854,138,33.18,35.13,38,0,4,15,1,307,8124,,
6499,Geoff marsh,ODIs,117,115,6,4357,126*,39.97,55.93,31,0,9,22,22,302,7790,,
6499,Geoff marsh,FC,184,323,25,11760,355*,39.46,-,133,0,33,46,-,-,-,,
6499,Geoff marsh,List A,169,164,13,6366,126*,42.15,-,54,0,14,36,-,-,-,,
4558,Greg chappell,Tests,87,151,19,7110,247*,53.86,-,122,0,24,31,16,755,-,,
4558,Greg chappell,ODIs,74,72,14,2331,138*,40.18,75.7,23,0,3,14,7,195,3079,,
4558,Greg chappell,FC,321,542,72,24535,247*,52.2,-,376,0,74,111,-,-,-,,
4558,Greg chappell,List A,130,126,19,3948,138*,36.89,-,54,1,4,27,-,-,-,,
4233,John buchanan,FC,7,13,0,160,41,12.3,,5,0,0,0,,,,,
4233,John buchanan,List A,1,1,0,64,64,64,,1,0,0,1,,,,,
23227,John wright,FC,1,2,0,3,3,1.5,,2,0,0,0,0,0,,,
6256,Justin langer,Tests,105,182,12,7696,250,45.27,54.22,73,0,23,30,40,912,14192,,
6256,Justin langer,ODIs,8,7,2,160,36,32,88.88,2,1,0,0,4,13,180,,
6256,Justin langer,FC,360,622,57,28382,342,50.23,-,322,0,86,110,-,-,-,,
6256,Justin langer,List A,239,226,22,7875,146,38.6,-,113,2,14,53,-,-,-,,
6256,Justin langer,T20s,41,38,2,1015,97,28.19,136.42,9,0,0,5,22,126,744,,
6256,Justin langer,,4,4,0,47,15,11.75,83.92,0,0,0,0,0,8,56,Champions League,SOM
6256,Justin langer,,36,33,2,967,97,31.19,140.96,9,0,0,5,22,118,686,Vitality Blast,SOM
33034,Lalchand rajput,Tests,2,4,0,105,61,26.25,-,1,0,0,1,0,-,-,,
33034,Lalchand rajput,ODIs,4,4,1,9,8,3,29.03,2,0,0,0,0,0,31,,
33034,Lalchand rajput,FC,110,183,21,7988,275,49.3,-,79,0,20,46,-,-,-,,
33034,Lalchand rajput,List A,61,60,5,1965,115,35.72,-,21,0,3,15,-,-,-,,
31368,Madan lal,FC,5,10,2,51,23*,6.37,,4,0,0,0,,,,,
43937,Mickey arthur,FC,110,207,8,6657,165,33.45,,74,0,13,34,,,,,
43937,Mickey arthur,List A,150,146,5,3774,126*,26.76,,40,0,2,19,,,,,
54051,Purnima rau,WTests,5,8,0,123,33,15.37,,1,0,0,0,,,,,
54051,Purnima rau,WODIs,33,27,3,516,67*,21.5,,8,0,0,2,,,,,
28114,Rahul dravid,Tests,164,286,32,13288,270,52.31,42.51,210,0,36,63,21,1654,31258,,
28114,Rahul dravid,ODIs,344,318,40,10889,153,39.16,71.23,196,14,12,83,42,950,15285,,
28114,Rahul dravid,T20Is,1,1,0,31,31,31,147.61,0,0,0,0,3,0,21,,
28114,Rahul dravid,FC,298,497,67,23794,270,55.33,-,353,1,68,117,-,-,-,,
28114,Rahul dravid,List A,449,416,55,15271,153,42.3,-,233,17,21,112,-,-,-,,
28114,Rahul dravid,T20s,109,101,7,2586,75*,27.51,113.87,23,0,0,13,34,311,2271,,
28114,Rahul dravid,,15,14,2,282,71*,23.5,100.71,4,0,0,1,3,30,280,Champions League,2 teams
28114,Rahul dravid,,89,82,5,2174,75*,28.23,115.51,18,0,0,11,28,268,1882,IPL,2 teams
32391,Ramesh powar,Tests,2,2,0,13,7,6.5,72.22,0,0,0,0,0,2,18,,
32391,Ramesh powar,ODIs,31,19,5,163,54,11.64,62.69,3,0,0,1,2,12,260,,
32391,Ramesh powar,FC,148,183,23,4245,131,26.53,-,58,0,7,17,-,-,-,,
32391,Ramesh powar,List A,113,80,17,1082,80*,17.17,-,25,0,0,4,-,-,-,,
32391,Ramesh powar,T20s,28,11,7,72,28*,18,102.85,5,0,0,0,1,7,70,,
32391,Ramesh powar,,27,10,7,67,28*,22.33,104.68,5,0,0,0,1,6,64,IPL,2 teams
33975,Ravi shastri,Tests,80,121,14,3830,206,35.79,-,36,0,11,12,22,,-,,
33975,Ravi shastri,ODIs,150,128,21,3108,109,29.04,61.07,40,0,4,18,-,,5089,,
33975,Ravi shastri,FC,245,356,56,13202,217,44,-,141,0,34,66,-,,-,,
33975,Ravi shastri,List A,278,250,45,6383,138*,31.13,-,84,0,6,37,-,,-,,
32283,Sandeep patil,Tests,29,47,4,1588,174,36.93,-,12,0,4,7,9,,-,,
32283,Sandeep patil,ODIs,45,42,1,1005,84,24.51,82.17,11,0,0,9,-,,1223,,
32283,Sandeep patil,FC,130,201,13,8156,210,43.38,-,66,0,20,46,-,,-,,
32283,Sandeep patil,List A,73,68,5,1741,103*,27.63,-,22,0,1,14,-,,-,,
27225,Sanjay bangar,Tests,12,18,2,470,100*,29.37,32.48,4,0,1,3,3,57,1447,,
27225,Sanjay bangar,ODIs,15,15,2,180,57*,13.84,75.31,4,0,0,1,3,14,239,,
27225,Sanjay bangar,FC,165,271,19,8349,212,33.13,-,143,0,13,49,-,-,-,,
27225,Sanjay bangar,List A,112,104,8,2560,139,26.66,-,31,0,3,15,-,-,-,,
27225,Sanjay bangar,T20s,33,28,3,381,67,15.24,124.5,6,0,0,2,17,35,306,,
27225,Sanjay bangar,,12,8,1,49,17*,7,84.48,2,0,0,0,3,1,58,IPL,2 teams
54274,Shantha rangaswamy,WTests,16,26,3,750,108,32.6,,10,0,1,6,,,,,
54274,Shantha rangaswamy,WODIs,19,19,0,287,50,15.1,,6,0,0,1,,,,,
54046,Sudha shah,WTests,21,38,6,601,62*,18.78,,21,0,0,1,,,,,
54046,Sudha shah,WODIs,13,12,0,293,53,24.41,,2,0,0,1,,,,,
6928,Tim nielsen,FC,101,170,24,3805,115,26.06,,284,32,4,15,,,,,
6928,Tim nielsen,List A,51,41,6,639,57,18.25,,65,5,0,1,,,,,
26289,Tushar arothe,FC,114,176,12,6105,171,37.22,,71,0,13,31,,,,,
26289,Tushar arothe,List A,51,44,7,1037,87,28.02,,20,0,0,5,,,,,
30750,Vvs laxman,Tests,134,225,34,8781,281,45.97,49.37,135,0,17,56,5,1135,17785,,
30750,Vvs laxman,ODIs,86,83,7,2338,131,30.76,71.23,39,0,6,10,4,222,3282,,
30750,Vvs laxman,FC,267,436,54,19730,353,51.64,-,277,1,55,98,-,-,-,,
30750,Vvs laxman,List A,173,166,19,5078,131,34.54,-,74,0,9,28,-,-,-,,
30750,Vvs laxman,T20s,25,25,3,491,78*,22.31,114.71,4,0,0,3,8,57,428,,
30750,Vvs laxman,,20,20,2,282,52,15.66,105.61,4,0,0,1,5,33,267,IPL,2 teams
30750,Vvs laxman,,2,2,0,50,46,25,121.95,0,0,0,0,0,8,41,Champions League,DCH
30750,Vvs laxman,,3,3,1,159,78*,79.5,132.5,0,0,0,2,3,16,120,Vitality Blast,LANCS
7133,Ricky ponting,Tests,168,287,29,13378,257,51.85,58.72,196,0,41,62,73,1509,22782,,
7133,Ricky ponting,ODIs,375,365,39,13704,164,42.03,80.39,160,0,30,82,162,1231,17046,,
7133,Ricky ponting,T20Is,17,16,2,401,98*,28.64,132.78,8,0,0,2,11,41,302,,
7133,Ricky ponting,FC,289,494,62,24150,257,55.9,-,309,0,82,106,-,-,-,,
7133,Ricky ponting,List A,456,445,53,16363,164,41.74,-,195,0,34,99,-,-,-,,
7133,Ricky ponting,T20s,48,43,3,909,98*,22.72,110.98,17,0,0,5,25,75,819,,
7133,Ricky ponting,,7,4,0,41,20,10.25,75.92,0,0,0,0,0,3,54,CPL,AHwks
7133,Ricky ponting,,6,6,0,123,65,20.5,101.65,3,0,0,1,3,7,121,Vitality Blast,2 teams
7133,Ricky ponting,,10,9,0,91,28,10.11,71.09,4,0,0,0,2,5,128,IPL,2 teams
7133,Ricky ponting,,8,8,1,253,63*,36.14,118.22,2,0,0,2,9,19,214,Big Bash League,HH
32179,Chandrakant pandit,Tests,5,8,1,171,39,24.42,51.66,14,2,0,0,0,18,331,,
32179,Chandrakant pandit,ODIs,36,23,9,290,33*,20.71,72.5,15,15,0,0,-,-,400,,
32179,Chandrakant pandit,FC,138,196,27,8209,202,48.57,-,281,41,22,42,-,-,-,,
32179,Chandrakant pandit,List A,101,79,21,2033,93,35.05,-,69,28,0,14,-,-,-,,
44111,Mark boucher,Tests,147,206,24,5515,125,30.3,50.11,532,23,5,35,20,656,11005,,
44111,Mark boucher,ODIs,295,221,57,4686,147*,28.57,84.76,403,22,1,26,83,356,5528,,
44111,Mark boucher,T20Is,25,21,6,268,36*,17.86,97.45,18,1,0,0,2,22,275,,
44111,Mark boucher,FC,212,306,42,8803,134,33.34,-,712,37,10,53,-,-,-,,
44111,Mark boucher,List A,365,287,70,6218,147*,28.65,-,484,31,2,35,-,-,-,,
44111,Mark boucher,T20s,90,76,27,1378,60*,28.12,115.41,48,16,0,4,39,103,1194,,
44111,Mark boucher,,13,10,3,217,40*,31,121.91,5,1,0,0,7,19,178,Champions League,2 teams
44111,Mark boucher,,31,24,10,394,50*,28.14,127.5,14,3,0,1,13,32,309,IPL,2 teams
50710,Kumar sangakkara,Tests,134,233,17,12400,319,57.4,54.19,182,20,38,52,51,1491,22882,,
50710,Kumar sangakkara,ODIs,404,380,41,14234,169,41.98,78.86,402,99,25,93,88,1385,18048,,
50710,Kumar sangakkara,T20Is,56,53,9,1382,78,31.4,119.55,25,20,0,8,20,139,1156,,
50710,Kumar sangakkara,FC,260,430,31,20911,319,52.4,-,371,33,64,86,-,-,-,,
50710,Kumar sangakkara,List A,529,501,54,19456,169,43.52,-,518,124,39,120,-,-,-,,
50710,Kumar sangakkara,T20s,267,260,23,6937,94,29.27,126.42,167,60,0,43,139,740,5487,,
50710,Kumar sangakkara,,24,23,1,613,65,27.86,126.39,19,1,0,5,17,64,485,PSL,3 teams
50710,Kumar sangakkara,,27,27,1,827,75,31.8,116.47,25,12,0,4,12,89,710,BPL,DHD
50710,Kumar sangakkara,,26,26,4,739,74*,33.59,129.87,17,5,0,7,21,73,569,CPL,JT
50710,Kumar sangakkara,,21,21,1,679,72,33.95,153.96,7,1,0,4,20,72,441,Vitality Blast,SUR
50710,Kumar sangakkara,,13,13,1,173,43,14.41,120.13,2,0,0,0,3,14,144,Big Bash League,HH
50710,Kumar sangakkara,,3,3,1,118,61*,59,129.67,3,1,0,1,2,12,91,Champions League,KanMa
50710,Kumar sangakkara,,71,68,3,1687,94,25.95,121.19,45,9,0,10,27,195,1392,IPL,3 teams
37000,Stephen fleming,Tests,111,189,10,7172,274*,40.06,45.82,171,0,9,46,26,917,15652,,
37000,Stephen fleming,ODIs,280,269,21,8037,134*,32.4,71.49,133,0,8,49,63,823,11242,,
37000,Stephen fleming,T20Is,5,5,0,110,38,22,129.41,2,0,0,0,0,20,85,,
37000,Stephen fleming,FC,247,406,32,16409,274*,43.87,-,340,0,35,93,-,-,-,,
37000,Stephen fleming,List A,460,437,38,14019,139*,35.13,-,225,0,22,86,-,-,-,,
37000,Stephen fleming,T20s,53,53,3,1157,64*,23.14,121.91,13,0,0,6,22,156,949,,
37000,Stephen fleming,,10,10,1,196,45,21.77,118.78,2,0,0,0,3,27,165,IPL,CSK
37000,Stephen fleming,,26,26,1,632,64*,25.28,125.64,8,0,0,5,15,78,503,Vitality Blast,2 teams
31820,Ashish nehra,Tests,17,25,11,77,19,5.5,30.07,5,0,0,0,3,8,256,,
31820,Ashish nehra,ODIs,120,46,21,141,24,5.64,57.31,18,0,0,0,3,12,246,,
31820,Ashish nehra,T20Is,27,5,0,28,22,5.6,71.79,4,0,0,0,2,1,39,,
31820,Ashish nehra,FC,90,109,31,756,57,9.69,-,25,0,0,1,-,-,-,,
31820,Ashish nehra,List A,201,87,35,463,37*,8.9,-,37,0,0,0,-,-,-,,
31820,Ashish nehra,T20s,132,28,15,69,22*,5.3,67.64,27,0,0,0,3,4,102,,
31820,Ashish nehra,,88,22,15,41,22*,5.85,66.12,19,0,0,0,1,3,62,IPL,5 teams
31820,Ashish nehra,,8,-,-,-,-,-,-,2,0,-,-,-,-,-,Champions League,2 teams
55427,Andy flower,Tests,63,112,19,4794,232*,51.54,45.07,151,9,12,27,20,543,10636,,
55427,Andy flower,ODIs,213,208,16,6786,145,35.34,74.59,141,32,4,55,-,-,9097,,
55427,Andy flower,FC,223,372,69,16379,271*,54.05,-,361,21,49,75,-,-,-,,
55427,Andy flower,List A,380,366,45,12511,145,38.97,-,254,48,12,97,-,-,-,,
55427,Andy flower,T20s,21,20,2,595,83,33.05,123.7,6,0,0,4,8,70,481,,
55427,Andy flower,,21,20,2,595,83,33.05,123.7,6,0,0,4,8,70,481,Vitality Blast,ESSEX
4108,Trevor bayliss,FC,58,96,10,3060,163,35.58,,41,0,5,15,,,,,
4108,Trevor bayliss,List A,50,47,7,1196,104*,29.9,,15,0,1,6,,,,,
38710,Daniel vettori,Tests,113,174,23,4531,140,30,58.18,58,0,6,23,17,556,7787,,
38710,Daniel vettori,ODIs,295,187,57,2253,83,17.33,82.98,88,0,0,4,15,175,2715,,
38710,Daniel vettori,T20Is,34,22,6,205,38,12.81,107.89,9,0,0,0,2,14,190,,
38710,Daniel vettori,FC,174,257,31,6695,140,29.62,-,98,0,9,34,-,-,-,,
38710,Daniel vettori,List A,365,241,65,3549,138,20.16,-,121,0,2,10,-,-,-,,
38710,Daniel vettori,T20s,143,90,25,1041,57,16.01,119.65,40,0,0,1,25,88,870,,
38710,Daniel vettori,,20,8,1,13,8,1.85,46.42,2,0,0,0,1,0,28,CPL,JT
38710,Daniel vettori,,15,9,4,73,40,14.6,117.74,5,0,0,0,2,5,62,Big Bash League,BH
38710,Daniel vettori,,34,17,9,121,29,15.12,107.07,11,0,0,0,2,11,113,IPL,2 teams
38710,Daniel vettori,,6,5,0,62,44,12.4,163.15,1,0,0,0,3,6,38,Champions League,RCB
44149,Johan botha,Tests,5,6,2,83,25,20.75,34.87,3,0,0,0,0,9,238,,
44149,Johan botha,ODIs,78,50,18,609,46,19.03,85.77,36,0,0,0,3,56,710,,
44149,Johan botha,T20Is,40,20,9,201,34,18.27,121.81,17,0,0,0,9,15,165,,
44149,Johan botha,FC,90,149,22,4015,109,31.61,-,63,0,1,27,-,-,-,,
44149,Johan botha,List A,184,136,39,2333,61,24.05,82.73,70,0,0,9,-,-,2820,,
44149,Johan botha,T20s,222,153,51,1991,67*,19.51,113.06,94,0,0,2,41,151,1761,,
44149,Johan botha,,71,47,17,621,41*,20.7,126.47,27,0,0,0,14,49,491,Big Bash League,3 teams
44149,Johan botha,,13,6,3,58,22,19.33,70.73,12,0,0,0,0,4,82,CPL,TKR
44149,Johan botha,,34,28,8,409,67*,20.45,113.92,18,0,0,1,5,39,359,IPL,3 teams
44149,Johan botha,,10,7,2,96,42,19.2,129.72,5,0,0,0,3,6,74,Champions League,WAR
44149,Johan botha,,13,13,1,245,54*,20.41,99.59,1,0,0,1,3,19,246,Vitality Blast,NHNTS
8098,Jeff vaughan,FC,28,52,5,1459,157*,31.04,42.69,19,0,3,9,,,3417,,
8098,Jeff vaughan,List A,24,23,1,308,57,14,-,12,0,0,2,,,-,,
8291,Cameron white,Tests,4,7,2,146,46,29.2,44.24,1,0,0,0,1,15,330,,
8291,Cameron white,ODIs,91,77,16,2072,105,33.96,80.12,37,0,2,11,45,145,2586,,
8291,Cameron white,T20Is,47,44,14,984,85*,32.8,132.97,23,0,0,5,44,71,740,,
8291,Cameron white,FC,177,299,35,10537,260*,39.91,-,207,0,22,55,-,-,-,,
8291,Cameron white,List A,269,240,35,7703,165,37.57,79.72,123,0,13,45,-,-,9662,,
8291,Cameron white,T20s,240,230,52,5469,141*,30.72,126.33,98,0,2,35,229,379,4329,,
8291,Cameron white,,75,73,12,1582,88,25.93,115.22,30,0,0,11,56,111,1373,Big Bash League,3 teams
8291,Cameron white,,11,10,3,163,25,23.28,88.1,1,0,0,0,4,8,185,Champions League,3 teams
8291,Cameron white,,38,37,11,1238,141*,47.61,142.62,10,0,2,9,61,82,868,Vitality Blast,2 teams
8291,Cameron white,,47,45,9,954,78,26.5,126.35,22,0,0,6,36,76,755,IPL,3 teams
17073,Peter moores,FC,231,345,43,7351,185,24.34,,502,44,7,31,,,,,
17073,Peter moores,List A,245,193,46,2603,89*,17.7,,225,32,0,8,,,,,
8119,Adam voges,Tests,20,31,7,1485,269*,61.87,55.68,15,0,5,4,5,186,2667,,
8119,Adam voges,ODIs,31,28,9,870,112*,45.78,87.17,7,0,1,4,10,61,998,,
8119,Adam voges,T20Is,7,5,2,139,51,46.33,121.92,3,0,0,1,2,8,114,,
8119,Adam voges,FC,211,351,52,13881,269*,46.42,51.26,282,0,32,72,-,-,27075,,
8119,Adam voges,List A,191,183,42,6130,112*,43.47,79.61,80,0,5,47,-,-,7700,,
8119,Adam voges,T20s,180,168,37,4064,82*,31.02,126.88,71,0,0,19,67,343,3203,,
8119,Adam voges,,54,49,12,1040,58,28.1,123.95,27,0,0,4,14,81,839,Big Bash League,2 teams
8119,Adam voges,,62,61,13,1613,82*,33.6,129.45,29,0,0,10,18,160,1246,Vitality Blast,3 teams
8119,Adam voges,,6,5,1,168,71*,42,122.62,0,0,0,1,1,20,137,Champions League,PS
8119,Adam voges,,11,11,2,124,48,13.77,83.22,1,0,0,0,2,5,149,CPL,JT
8119,Adam voges,,9,7,3,181,45*,45.25,126.57,1,0,0,0,3,15,143,IPL,RR
7609,Greg shipperd,FC,112,188,27,6806,200*,42.27,,82,2,15,34,,,,,
7609,Greg shipperd,List A,29,26,5,875,86,41.66,,19,1,0,6,,,,,
51469,Shivnarine chanderpaul,Tests,164,280,49,11867,203*,51.37,43.31,66,0,30,66,36,1285,27395,,
51469,Shivnarine chanderpaul,ODIs,268,251,40,8778,150,41.6,70.74,73,0,11,59,85,722,12408,,
51469,Shivnarine chanderpaul,T20Is,22,22,5,343,41,20.17,98.84,7,0,0,0,5,34,347,,
51469,Shivnarine chanderpaul,FC,385,626,108,27545,303*,53.17,-,192,0,77,144,-,-,-,,
51469,Shivnarine chanderpaul,List A,423,394,74,13439,150,41.99,-,118,0,13,98,-,-,-,,
51469,Shivnarine chanderpaul,T20s,81,78,11,1576,87*,23.52,105.77,24,0,0,8,27,164,1490,,
51469,Shivnarine chanderpaul,,2,2,0,11,7,5.5,50,0,0,0,0,0,1,22,CPL,GAW
51469,Shivnarine chanderpaul,,10,10,1,262,87*,29.11,109.16,4,0,0,1,3,26,240,Vitality Blast,2 teams
51469,Shivnarine chanderpaul,,15,15,2,424,87*,32.61,121.83,1,0,0,4,10,49,348,BPL,2 teams
51469,Shivnarine chanderpaul,,2,1,0,27,27,27,117.39,0,0,0,0,0,3,23,Champions League,UvNxt
51469,Shivnarine chanderpaul,,3,3,0,25,16,8.33,80.64,0,0,0,0,0,4,31,IPL,RCB
18497,Trevor penney,FC,158,248,45,7975,151,39.28,-,94,2,15,36,-,-,-,,
18497,Trevor penney,List A,291,253,75,5141,90,28.88,-,113,2,0,21,-,-,-,,
18497,Trevor penney,T20s,15,14,5,322,52,35.77,144.39,6,0,0,1,16,20,223,,
18497,Trevor penney,,15,14,5,322,52,35.77,144.39,6,0,0,1,16,20,223,Vitality Blast,WARKS
52036,Rayon griffith,FC,22,32,14,329,82*,18.27,,6,0,0,1,,,,,
52036,Rayon griffith,List A,22,10,6,50,17*,12.5,,4,0,0,0,,,,,
423951,Malolan rangarajan,FC,47,56,7,1379,131,28.14,47.88,15,0,1,7,20,148,2880,,
423951,Malolan rangarajan,List A,10,6,1,123,50,24.6,80.92,3,0,0,1,0,11,152,,
423951,Malolan rangarajan,T20s,2,2,0,28,27,14,133.33,0,0,0,0,1,2,21,,
53115,Daren sammy,Tests,38,63,2,1323,106,21.68,67.88,65,0,1,5,34,157,1949,,
53115,Daren sammy,ODIs,126,105,30,1871,89,24.94,100.05,67,0,0,9,84,145,1870,,
53115,Daren sammy,T20Is,68,52,18,587,42*,17.26,147.48,31,0,0,0,31,45,398,,
53115,Daren sammy,FC,96,158,9,3549,121,23.81,-,137,0,2,22,-,-,-,,
53115,Daren sammy,List A,191,161,37,3092,89,24.93,-,104,0,0,14,-,-,-,,
53115,Daren sammy,T20s,320,269,77,3918,71*,20.4,138.39,123,0,0,6,237,253,2831,,
53115,Daren sammy,,74,64,17,898,60*,19.1,126.47,29,0,0,2,56,51,710,CPL,SLK
53115,Daren sammy,,49,39,12,691,48,25.59,146.39,17,0,0,0,44,48,472,PSL,PZ
53115,Daren sammy,,33,29,6,528,71*,22.95,162.46,12,0,0,2,34,37,325,BPL,2 teams
53115,Daren sammy,,17,15,5,210,36*,21,134.61,2,0,0,0,14,11,156,Vitality Blast,3 teams
53115,Daren sammy,,11,10,5,123,38*,24.6,150,3,0,0,0,6,8,82,Big Bash League,HH
53115,Daren sammy,,22,20,5,295,60,19.66,122.4,9,0,0,1,18,15,241,IPL,2 teams
53115,Daren sammy,,6,5,1,106,50,26.5,151.42,1,0,0,1,8,7,70,Champions League,SRH
52934,Phil simmons,Tests,26,47,2,1002,110,22.26,51.83,26,0,1,4,4,139,1933,,
52934,Phil simmons,ODIs,143,138,11,3675,122,28.93,67.96,55,0,5,18,-,-,5407,,
52934,Phil simmons,FC,207,345,17,11682,261,35.61,-,241,0,24,65,-,-,-,,
52934,Phil simmons,List A,306,296,27,8929,166*,33.19,-,137,0,12,54,-,-,-,,
10887,Carl crowe,FC,42,56,12,695,44*,15.79,-,18,0,0,0,-,-,-,,
10887,Carl crowe,List A,40,24,12,187,23*,15.58,-,10,0,0,0,-,-,-,,
10887,Carl crowe,T20s,1,1,0,9,9,9,112.5,0,0,0,0,0,1,8,,
10887,Carl crowe,,1,1,0,9,9,9,112.5,0,0,0,0,0,1,8,Vitality Blast,LEICS
49178,Rangana herath,Tests,93,144,28,1699,80*,14.64,49.89,24,0,0,3,6,201,3405,,
49178,Rangana herath,ODIs,71,30,15,140,17*,9.33,64.51,14,0,0,0,2,10,217,,
49178,Rangana herath,T20Is,17,6,3,8,3,2.66,66.66,0,0,0,0,0,0,12,,
49178,Rangana herath,FC,270,396,89,5021,80*,16.35,-,109,0,0,15,-,-,-,,
49178,Rangana herath,List A,190,111,48,1043,88*,16.55,-,44,0,0,1,-,-,-,,
49178,Rangana herath,T20s,53,26,7,77,9,4.05,-,8,0,0,0,-,-,-,,
49178,Rangana herath,,5,4,0,17,8,4.25,85,0,0,0,0,1,0,20,Champions League,Wayam
45086,Graham ford,FC,7,13,1,162,43,13.5,,3,0,0,0,,,,,
49010,Avishka gunawardene,Tests,6,11,0,181,43,16.45,56.03,2,0,0,0,0,33,323,,
49010,Avishka gunawardene,ODIs,61,61,1,1708,132,28.46,71.49,13,0,1,12,5,210,2389,,
49010,Avishka gunawardene,FC,129,199,11,6680,209,35.53,-,67,0,12,40,-,-,-,,
49010,Avishka gunawardene,List A,184,183,4,5362,132,29.95,-,45,0,6,35,-,-,-,,
49010,Avishka gunawardene,T20s,6,6,1,85,29*,17,110.38,2,0,0,0,2,11,77,,
50856,Piyal wijetunge,Tests,1,2,0,10,10,5,66.66,0,0,0,0,0,2,15,,
50856,Piyal wijetunge,FC,65,69,21,541,52,11.27,-,24,0,0,1,-,-,-,,
50856,Piyal wijetunge,List A,7,2,1,1,1*,1,-,1,0,0,0,0,0,-,,
37737,Brendon mccullum,Tests,101,176,9,6453,302,38.64,64.6,198,11,12,31,107,776,9989,,
37737,Brendon mccullum,ODIs,260,228,28,6083,166,30.41,96.37,262,15,5,32,200,577,6312,,
37737,Brendon mccullum,T20Is,71,70,10,2140,123,35.66,136.21,36,8,2,13,91,199,1571,,
37737,Brendon mccullum,FC,150,261,13,9210,302,37.13,-,308,19,17,46,-,-,-,,
37737,Brendon mccullum,List A,309,271,32,7373,170,30.84,-,305,17,9,37,-,-,-,,
37737,Brendon mccullum,T20s,370,364,33,9922,158*,29.97,136.49,153,14,7,55,485,924,7269,,
37737,Brendon mccullum,,35,34,1,920,72,27.87,136.49,18,0,0,9,38,87,674,Big Bash League,BH
37737,Brendon mccullum,,8,8,0,158,50,19.75,105.33,5,0,0,1,7,13,150,APL,KK
37737,Brendon mccullum,,33,33,6,836,91,30.96,146.4,12,0,0,6,53,64,571,CPL,TKR
37737,Brendon mccullum,,109,109,5,2880,158*,27.69,131.74,37,6,2,13,130,293,2186,IPL,5 teams
37737,Brendon mccullum,,18,17,2,311,44,20.73,114.33,5,0,0,0,15,28,272,PSL,LQ
37737,Brendon mccullum,,12,12,1,281,78,25.54,114.69,4,0,0,2,21,19,245,BPL,RPR
37737,Brendon mccullum,,37,36,4,1010,158*,31.56,165.03,17,0,1,5,52,107,612,Vitality Blast,4 teams
37737,Brendon mccullum,,17,16,2,392,83*,28,126.86,10,0,0,2,17,40,309,Champions League,3 teams
21585,Marcus trescothick,Tests,76,143,10,5825,219,43.79,54.51,95,0,14,29,42,831,10685,,
21585,Marcus trescothick,ODIs,123,122,6,4335,137,37.37,85.21,49,0,12,21,41,528,5087,,
21585,Marcus trescothick,T20Is,3,3,0,166,72,55.33,126.71,2,0,0,2,1,23,131,,
21585,Marcus trescothick,FC,391,675,36,26234,284,41.05,-,560,0,66,127,-,-,-,,
21585,Marcus trescothick,List A,372,357,29,12229,184,37.28,-,149,0,28,63,-,-,-,,
21585,Marcus trescothick,T20s,89,87,5,2363,108*,28.81,150.6,29,0,2,17,80,304,1569,,
21585,Marcus trescothick,,84,82,5,2180,108*,28.31,153.41,25,0,2,15,79,278,1421,Vitality Blast,SOM
21585,Marcus trescothick,,2,2,0,17,14,8.5,100,2,0,0,0,0,3,17,Champions League,SOM
10772,Paul collingwood,Tests,68,115,10,4259,206,40.56,46.44,96,0,10,20,24,470,9170,,
10772,Paul collingwood,ODIs,197,181,37,5092,120*,35.36,76.98,108,0,5,26,74,365,6614,,
10772,Paul collingwood,T20Is,36,33,2,583,79,18.8,127.01,15,0,0,3,24,37,459,,
10772,Paul collingwood,FC,306,527,52,16938,206,35.65,-,352,0,35,85,-,-,-,,
10772,Paul collingwood,List A,428,401,73,11240,132,34.26,-,207,0,10,65,-,-,-,,
10772,Paul collingwood,T20s,148,131,16,2478,108*,21.54,121.47,49,0,1,9,86,167,2040,,
10772,Paul collingwood,,77,67,10,1297,108*,22.75,118.23,27,0,1,3,36,95,1097,Vitality Blast,DURH
10772,Paul collingwood,,1,1,0,38,38,38,140.74,0,0,0,0,0,5,27,Champions League,PS
10772,Paul collingwood,,9,7,0,113,32,16.14,122.82,0,0,0,0,2,10,92,Big Bash League,PS
10772,Paul collingwood,,8,7,2,203,75*,40.6,130.12,4,0,0,3,13,9,156,IPL,DC
38141,Jeetan patel,Tests,24,38,8,381,47,12.7,51.62,13,0,0,0,3,44,738,,
38141,Jeetan patel,ODIs,43,15,8,95,34,13.57,58.64,13,0,0,0,2,5,162,,
38141,Jeetan patel,T20Is,11,4,1,9,5,3,64.28,4,0,0,0,0,1,14,,
38141,Jeetan patel,FC,293,392,79,6695,120,21.38,-,156,0,3,28,-,-,-,,
38141,Jeetan patel,List A,231,121,37,836,50,9.95,-,96,0,0,1,-,-,-,,
38141,Jeetan patel,T20s,241,98,31,439,34*,6.55,123.31,83,0,0,0,19,26,356,,
38141,Jeetan patel,,139,51,19,219,23*,6.84,117.11,47,0,0,0,10,9,187,Vitality Blast,WARKS
12856,Andrew flintoff,Tests,79,130,9,3845,167,31.77,62.04,52,0,5,26,82,513,6197,,
12856,Andrew flintoff,ODIs,141,122,16,3394,123,32.01,88.82,47,0,3,18,93,308,3821,,
12856,Andrew flintoff,T20Is,7,7,1,76,31,12.66,126.66,5,0,0,0,2,7,60,,
12856,Andrew flintoff,FC,183,290,23,9027,167,33.8,-,185,0,15,53,-,-,-,,
12856,Andrew flintoff,List A,282,251,28,6641,143,29.78,-,106,0,6,34,-,-,-,,
12856,Andrew flintoff,T20s,39,36,6,683,93,22.76,142.88,19,0,0,3,31,63,478,,
12856,Andrew flintoff,,7,7,2,74,46,14.8,123.33,3,0,0,0,2,6,60,Big Bash League,BH
12856,Andrew flintoff,,19,16,1,436,93,29.06,167.04,7,0,0,3,23,44,261,Vitality Blast,LANCS
12856,Andrew flintoff,,3,3,1,62,24,31,116.98,4,0,0,0,2,5,53,IPL,CSK
15881,Neil killeen,FC,102,145,31,1302,48,11.42,-,26,0,0,0,-,-,-,,
15881,Neil killeen,List A,226,120,46,700,32,9.45,-,39,0,0,0,-,-,-,,
15881,Neil killeen,T20s,45,17,12,88,17*,17.6,96.7,9,0,0,0,1,5,91,,
15881,Neil killeen,,45,17,12,88,17*,17.6,96.7,9,0,0,0,1,5,91,Vitality Blast,DURH
