Player ID,Player Name,Format,Mat,Inns,Balls,Runs,Wkts,BBI,BBM,Ave,Econ,SR,4w,5w,10w,Tournament,Teams
26817,Abbas ali baig,Tests,10,2,18,15,0,-,-,-,5.00,-,0,0,0,,
26817,Abbas ali baig,FC,235,-,660,432,9,2/26,-,48.00,3.92,73.3,-,0,0,,
35933,Ajit wadekar,Tests,37,7,61,55,0,-,-,-,5.40,-,0,0,0,,
35933,Ajit wadekar,ODIs,2,-,-,-,-,-,-,-,-,-,-,-,-,,
35933,Ajit wadekar,FC,237,-,1622,908,21,2/0,-,43.23,3.35,77.2,-,0,0,,
35933,Ajit wadekar,List A,5,-,0,0,0,-,-,-,-,-,0,0,0,,
31067,Amol muzumdar,FC,171,-,414,216,6,1/1,-,36.00,3.13,69.0,-,0,0,,
31067,Amol muzumdar,List A,113,-,96,91,2,1/11,1/11,45.50,5.68,48.0,0,0,0,,
31067,Amol muzumdar,T20s,14,-,-,-,-,-,-,-,-,-,-,-,-,,
6553,Andrew mcdonald,Tests,4,7,732,300,9,3/25,3/72,33.33,2.45,81.3,0,0,0,,
6553,Andrew mcdonald,FC,95,-,12632,5776,201,6/34,-,28.73,2.74,62.8,8,5,0,,
6553,Andrew mcdonald,List A,100,-,3707,3147,79,5/38,5/38,39.83,5.09,46.9,1,1,0,,
6553,Andrew mcdonald,T20s,93,84,1470,1887,82,5/13,5/13,23.01,7.70,17.9,1,1,0,,
6553,Andrew mcdonald,,13,10,90,147,5,3/20,3/20,29.40,9.80,18.0,0,0,0,Big Bash League,2 teams
6553,Andrew mcdonald,,11,10,186,261,11,2/25,2/25,23.72,8.41,16.9,0,0,0,IPL,2 teams
6553,Andrew mcdonald,,13,13,264,287,14,4/21,4/21,20.50,6.52,18.8,1,0,0,Champions League,3 teams
6553,Andrew mcdonald,,21,20,382,504,21,5/13,5/13,24.00,7.91,18.1,0,1,0,Vitality Blast,LEICS
30176,Anil kumble,Tests,132,236,40850,18355,619,10/74,14/149,29.65,2.69,65.9,31,35,8,,
30176,Anil kumble,ODIs,271,265,14496,10412,337,6/12,6/12,30.89,4.30,43.0,8,2,0,,
30176,Anil kumble,FC,244,-,66931,29347,1136,10/74,-,25.83,2.63,58.9,-,72,19,,
30176,Anil kumble,List A,380,-,20247,14178,514,6/12,6/12,27.58,4.20,39.3,14,3,0,,
30176,Anil kumble,T20s,54,54,1245,1389,57,5/5,5/5,24.36,6.69,21.8,2,1,0,,
30176,Anil kumble,,9,9,209,245,8,3/20,3/20,30.62,7.03,26.1,0,0,0,Champions League,RCB
30176,Anil kumble,,42,42,965,1058,45,5/5,5/5,23.51,6.57,21.4,2,1,0,IPL,RCB
30176,Anil kumble,,2,2,47,46,4,2/20,2/20,11.50,5.87,11.7,0,0,0,Vitality Blast,SUR
53915,Anju jain,WTests,8,-,-,-,-,-,-,-,-,-,-,-,-,,
53915,Anju jain,WODIs,65,-,-,-,-,-,-,-,-,-,-,-,-,,
7619,Bob simpson,Tests,62,84,6881,3001,71,5/57,8/97,42.26,2.61,96.9,3,2,0,,
7619,Bob simpson,ODIs,2,2,102,95,2,2/30,2/30,47.50,5.58,51.0,0,0,0,,
7619,Bob simpson,FC,257,-,27998,13288,349,5/33,-,38.07,2.84,80.2,-,6,0,,
7619,Bob simpson,List A,5,-,166,134,4,2/30,2/30,33.50,4.84,41.5,0,0,0,,
26962,Chandu borde,Tests,55,54,5695,2417,52,5/88,6/132,46.48,2.54,109.5,2,1,0,,
26962,Chandu borde,FC,251,-,20304,9044,331,8/52,-,27.32,2.67,61.3,-,14,3,,
6285,Darren lehmann,Tests,27,25,974,412,15,3/42,6/92,27.46,2.53,64.9,0,0,0,,
6285,Darren lehmann,ODIs,117,62,1793,1445,52,4/7,4/7,27.78,4.83,34.4,1,0,0,,
6285,Darren lehmann,FC,284,-,9458,4540,130,4/35,-,34.92,2.88,72.7,-,0,0,,
6285,Darren lehmann,List A,367,-,6371,4767,172,4/7,4/7,27.71,4.48,37.0,2,0,0,,
6285,Darren lehmann,T20s,17,13,228,256,11,3/19,3/19,23.27,6.73,20.7,0,0,0,,
6285,Darren lehmann,,2,-,-,-,-,-,-,-,-,-,-,-,-,IPL,RR
6285,Darren lehmann,,9,8,162,180,8,3/19,3/19,22.50,6.66,20.2,0,0,0,Vitality Blast,YORKS
55424,Duncan fletcher,ODIs,6,6,301,221,7,4/42,4/42,31.57,4.40,43.0,1,0,0,,
55424,Duncan fletcher,FC,111,-,12352,6027,215,6/31,-,28.03,2.92,57.4,-,5,1,,
55424,Duncan fletcher,List A,53,-,2422,1652,70,4/41,4/41,23.60,4.09,34.6,3,0,0,,
45813,Gary kirsten,Tests,101,15,349,142,2,1/0,1/0,71.00,2.44,174.5,0,0,0,,
45813,Gary kirsten,ODIs,185,3,30,23,0,-,-,-,4.60,-,0,0,0,,
45813,Gary kirsten,FC,221,-,1727,836,20,6/68,-,41.80,2.90,86.3,-,1,0,,
45813,Gary kirsten,List A,294,-,138,112,3,1/25,1/25,37.33,4.86,46.0,0,0,0,,
28763,Gautam gambhir,Tests,58,1,12,4,0,-,-,-,2.00,-,0,0,0,,
28763,Gautam gambhir,ODIs,147,1,6,13,0,-,-,-,13.00,-,0,0,0,,
28763,Gautam gambhir,T20Is,37,-,-,-,-,-,-,-,-,-,-,-,-,,
28763,Gautam gambhir,FC,198,-,397,281,7,3/12,-,40.14,4.24,56.7,-,0,0,,
28763,Gautam gambhir,List A,299,-,37,36,1,1/7,1/7,36.00,5.83,37.0,0,0,0,,
28763,Gautam gambhir,T20s,251,-,-,-,-,-,-,-,-,-,-,-,-,,
28763,Gautam gambhir,,154,-,-,-,-,-,-,-,-,-,-,-,-,IPL,2 teams
28763,Gautam gambhir,,18,-,-,-,-,-,-,-,-,-,-,-,-,Champions League,2 teams
6499,Geoff marsh,Tests,50,-,-,-,-,-,-,-,-,-,-,-,-,,
6499,Geoff marsh,ODIs,117,1,6,4,0,-,-,-,4.00,-,0,0,0,,
6499,Geoff marsh,FC,184,-,30,9,1,1/1,-,9.00,1.80,30.0,-,0,0,,
6499,Geoff marsh,List A,169,-,6,4,0,-,-,-,4.00,-,0,0,0,,
4558,Greg chappell,Tests,87,88,5327,1913,47,5/61,5/61,40.70,2.15,113.3,0,1,0,,
4558,Greg chappell,ODIs,74,67,3108,2097,72,5/15,5/15,29.12,4.04,43.1,0,2,0,,
4558,Greg chappell,FC,321,-,20926,8717,291,7/40,-,29.95,2.49,71.9,-,5,0,,
4558,Greg chappell,List A,130,-,5261,3372,130,5/15,5/15,25.93,3.84,40.4,1,2,0,,
4233,John buchanan,FC,7,,32,15,0,-,-,-,3.75,-,0,0,0,,
4233,John buchanan,List A,1,,12,11,0,-,-,-,5.50,-,0,0,0,,
23227,John wright,FC,1,,12,16,0,-,-,-,8.00,-,0,0,0,,
6256,Justin langer,Tests,105,1,6,3,0,-,-,-,3.00,-,0,0,0,,
6256,Justin langer,ODIs,8,-,-,-,-,-,-,-,-,-,-,-,-,,
6256,Justin langer,FC,360,-,386,210,5,2/17,-,42.00,3.26,77.2,-,0,0,,
6256,Justin langer,List A,239,-,193,215,7,3/51,3/51,30.71,6.68,27.5,0,0,0,,
6256,Justin langer,T20s,41,-,-,-,-,-,-,-,-,-,-,-,-,,
6256,Justin langer,,4,-,-,-,-,-,-,-,-,-,-,-,-,Champions League,SOM
6256,Justin langer,,36,-,-,-,-,-,-,-,-,-,-,-,-,Vitality Blast,SOM
33034,Lalchand rajput,Tests,2,-,-,-,-,-,-,-,-,-,-,-,-,,
33034,Lalchand rajput,ODIs,4,2,42,42,0,-,-,-,6.00,-,0,0,0,,
33034,Lalchand rajput,FC,110,-,5696,2668,59,5/32,-,45.22,2.81,96.5,-,1,0,,
33034,Lalchand rajput,List A,61,-,1898,1399,31,3/46,3/46,45.12,4.42,61.2,0,0,0,,
31368,Madan lal,FC,5,,,153,3,1/38,,51.00,,,,0,0,,
43937,Mickey arthur,FC,110,,6,0,0,-,-,-,-,-,0,0,0,,
43937,Mickey arthur,List A,150,,6,2,0,-,-,-,2.00,-,0,0,0,,
54051,Purnima rau,WTests,5,8,1164,319,15,5/24,7/98,21.26,1.64,77.6,1,1,0,,
54051,Purnima rau,WODIs,33,33,1557,844,50,4/26,4/26,16.88,3.25,31.1,2,0,0,,
28114,Rahul dravid,Tests,164,5,120,39,1,1/18,1/18,39.00,1.95,120.0,0,0,0,,
28114,Rahul dravid,ODIs,344,8,186,170,4,2/43,2/43,42.50,5.48,46.5,0,0,0,,
28114,Rahul dravid,T20Is,1,-,-,-,-,-,-,-,-,-,-,-,-,,
28114,Rahul dravid,FC,298,-,617,273,5,2/16,-,54.60,2.65,123.4,-,0,0,,
28114,Rahul dravid,List A,449,-,477,421,4,2/43,2/43,105.25,5.29,119.2,0,0,0,,
28114,Rahul dravid,T20s,109,-,-,-,-,-,-,-,-,-,-,-,-,,
28114,Rahul dravid,,15,-,-,-,-,-,-,-,-,-,-,-,-,Champions League,2 teams
28114,Rahul dravid,,89,-,-,-,-,-,-,-,-,-,-,-,-,IPL,2 teams
32391,Ramesh powar,Tests,2,4,252,118,6,3/33,3/36,19.66,2.80,42.0,0,0,0,,
32391,Ramesh powar,ODIs,31,29,1536,1191,34,3/24,3/24,35.02,4.65,45.1,0,0,0,,
32391,Ramesh powar,FC,148,-,29158,14719,470,7/44,-,31.31,3.02,62.0,-,27,4,,
32391,Ramesh powar,List A,113,-,5557,4392,142,5/53,5/53,30.92,4.74,39.1,4,1,0,,
32391,Ramesh powar,T20s,28,27,450,562,14,2/11,2/11,40.14,7.49,32.1,0,0,0,,
32391,Ramesh powar,,27,26,426,527,13,2/11,2/11,40.53,7.42,32.7,0,0,0,IPL,2 teams
33975,Ravi shastri,Tests,80,125,15751,6185,151,5/75,8/179,40.96,2.35,104.3,11,2,0,,
33975,Ravi shastri,ODIs,150,136,6613,4650,129,5/15,5/15,36.04,4.21,51.2,2,1,0,,
33975,Ravi shastri,FC,245,-,42422,16744,509,9/101,-,32.89,2.36,83.3,-,18,3,,
33975,Ravi shastri,List A,278,-,11966,8175,254,5/13,5/13,32.18,4.09,47.1,3,5,0,,
32283,Sandeep patil,Tests,29,15,645,240,9,2/28,3/52,26.66,2.23,71.6,0,0,0,,
32283,Sandeep patil,ODIs,45,20,864,589,15,2/28,2/28,39.26,4.09,57.6,0,0,0,,
32283,Sandeep patil,FC,130,-,6822,2849,86,6/20,-,33.12,2.50,79.3,-,4,0,,
32283,Sandeep patil,List A,73,-,2106,1377,46,3/30,3/30,29.93,3.92,45.7,0,0,0,,
27225,Sanjay bangar,Tests,12,14,762,343,7,2/23,2/23,49.00,2.70,108.8,0,0,0,,
27225,Sanjay bangar,ODIs,15,14,442,384,7,2/39,2/39,54.85,5.21,63.1,0,0,0,,
27225,Sanjay bangar,FC,165,-,21837,9341,300,6/41,-,31.13,2.56,72.7,-,9,1,,
27225,Sanjay bangar,List A,112,-,4264,3533,92,4/35,4/35,38.40,4.97,46.3,3,0,0,,
27225,Sanjay bangar,T20s,33,30,578,709,31,5/16,5/16,22.87,7.35,18.6,0,1,0,,
27225,Sanjay bangar,,12,9,150,219,4,2/34,2/34,54.75,8.76,37.5,0,0,0,IPL,2 teams
54274,Shantha rangaswamy,WTests,16,25,1555,664,21,4/42,6/114,31.61,2.56,74.0,1,0,0,,
54274,Shantha rangaswamy,WODIs,19,19,902,353,12,3/25,3/25,29.41,2.34,75.1,0,0,0,,
54046,Sudha shah,WTests,21,20,842,321,5,3/28,4/50,64.20,2.28,168.4,0,0,0,,
54046,Sudha shah,WODIs,13,8,270,156,2,1/7,1/7,78.00,3.46,135.0,0,0,0,,
6928,Tim nielsen,FC,101,,72,49,1,1/2,-,49.00,4.08,72.0,-,0,0,,
6928,Tim nielsen,List A,51,,0,0,0,-,-,-,-,-,0,0,0,,
26289,Tushar arothe,FC,114,,13720,6772,225,6/53,-,30.09,2.96,60.9,-,11,2,,
26289,Tushar arothe,List A,51,,1870,1435,30,4/37,4/37,47.83,4.60,62.3,2,0,0,,
30750,Vvs laxman,Tests,134,13,324,126,2,1/2,1/2,63.00,2.33,162.0,0,0,0,,
30750,Vvs laxman,ODIs,86,4,42,40,0,-,-,-,5.71,-,0,0,0,,
30750,Vvs laxman,FC,267,-,1835,754,22,3/11,-,34.27,2.46,83.4,-,0,0,,
30750,Vvs laxman,List A,173,-,698,548,8,2/42,2/42,68.50,4.71,87.2,0,0,0,,
30750,Vvs laxman,T20s,25,-,-,-,-,-,-,-,-,-,-,-,-,,
30750,Vvs laxman,,20,-,-,-,-,-,-,-,-,-,-,-,-,IPL,2 teams
30750,Vvs laxman,,2,-,-,-,-,-,-,-,-,-,-,-,-,Champions League,DCH
30750,Vvs laxman,,3,-,-,-,-,-,-,-,-,-,-,-,-,Vitality Blast,LANCS
7133,Ricky ponting,Tests,168,36,587,276,5,1/0,1/0,55.20,2.82,117.4,0,0,0,,
7133,Ricky ponting,ODIs,375,5,150,104,3,1/12,1/12,34.66,4.16,50.0,0,0,0,,
7133,Ricky ponting,T20Is,17,-,-,-,-,-,-,-,-,-,-,-,-,,
7133,Ricky ponting,FC,289,-,1506,813,14,2/10,-,58.07,3.23,107.5,-,0,0,,
7133,Ricky ponting,List A,456,-,349,269,8,3/34,3/34,33.62,4.62,43.6,0,0,0,,
7133,Ricky ponting,T20s,48,2,12,23,1,1/11,1/11,23.00,11.50,12.0,0,0,0,,
7133,Ricky ponting,,7,-,-,-,-,-,-,-,-,-,-,-,-,CPL,AHwks
7133,Ricky ponting,,6,-,-,-,-,-,-,-,-,-,-,-,-,Vitality Blast,2 teams
7133,Ricky ponting,,10,-,-,-,-,-,-,-,-,-,-,-,-,IPL,2 teams
7133,Ricky ponting,,8,2,12,23,1,1/11,1/11,23.00,11.50,12.0,0,0,0,Big Bash League,HH
32179,Chandrakant pandit,Tests,5,-,-,-,-,-,-,-,-,-,-,-,-,,
32179,Chandrakant pandit,ODIs,36,-,-,-,-,-,-,-,-,-,-,-,-,,
32179,Chandrakant pandit,FC,138,-,571,269,4,1/20,-,67.25,2.82,142.7,-,0,0,,
32179,Chandrakant pandit,List A,101,-,133,99,3,2/19,2/19,33.00,4.46,44.3,0,0,0,,
44111,Mark boucher,Tests,147,1,8,6,1,1/6,1/6,6.00,4.50,8.0,0,0,0,,
44111,Mark boucher,ODIs,295,-,-,-,-,-,-,-,-,-,-,-,-,,
44111,Mark boucher,T20Is,25,-,-,-,-,-,-,-,-,-,-,-,-,,
44111,Mark boucher,FC,212,-,32,28,1,1/6,-,28.00,5.25,32.0,-,0,0,,
44111,Mark boucher,List A,365,-,0,0,0,-,-,-,-,-,0,0,0,,
44111,Mark boucher,T20s,90,-,-,-,-,-,-,-,-,-,-,-,-,,
44111,Mark boucher,,13,-,-,-,-,-,-,-,-,-,-,-,-,Champions League,2 teams
44111,Mark boucher,,31,-,-,-,-,-,-,-,-,-,-,-,-,IPL,2 teams
50710,Kumar sangakkara,Tests,134,4,84,49,0,-,-,-,3.50,-,0,0,0,,
50710,Kumar sangakkara,ODIs,404,-,-,-,-,-,-,-,-,-,-,-,-,,
50710,Kumar sangakkara,T20Is,56,-,-,-,-,-,-,-,-,-,-,-,-,,
50710,Kumar sangakkara,FC,260,-,246,150,1,1/13,-,150.00,3.65,246.0,-,0,0,,
50710,Kumar sangakkara,List A,529,-,0,0,0,-,-,-,-,-,0,0,0,,
50710,Kumar sangakkara,T20s,267,-,-,-,-,-,-,-,-,-,-,-,-,,
50710,Kumar sangakkara,,24,-,-,-,-,-,-,-,-,-,-,-,-,PSL,3 teams
50710,Kumar sangakkara,,27,-,-,-,-,-,-,-,-,-,-,-,-,BPL,DHD
50710,Kumar sangakkara,,26,-,-,-,-,-,-,-,-,-,-,-,-,CPL,JT
50710,Kumar sangakkara,,21,-,-,-,-,-,-,-,-,-,-,-,-,Vitality Blast,SUR
50710,Kumar sangakkara,,13,-,-,-,-,-,-,-,-,-,-,-,-,Big Bash League,HH
50710,Kumar sangakkara,,3,-,-,-,-,-,-,-,-,-,-,-,-,Champions League,KanMa
50710,Kumar sangakkara,,71,-,-,-,-,-,-,-,-,-,-,-,-,IPL,3 teams
37000,Stephen fleming,Tests,111,-,-,-,-,-,-,-,-,-,-,-,-,,
37000,Stephen fleming,ODIs,280,3,29,28,1,1/8,1/8,28.00,5.79,29.0,0,0,0,,
37000,Stephen fleming,T20Is,5,-,-,-,-,-,-,-,-,-,-,-,-,,
37000,Stephen fleming,FC,247,-,102,129,0,-,-,-,7.58,-,0,0,0,,
37000,Stephen fleming,List A,460,-,35,31,2,1/3,1/3,15.50,5.31,17.5,0,0,0,,
37000,Stephen fleming,T20s,53,-,-,-,-,-,-,-,-,-,-,-,-,,
37000,Stephen fleming,,10,-,-,-,-,-,-,-,-,-,-,-,-,IPL,CSK
37000,Stephen fleming,,26,-,-,-,-,-,-,-,-,-,-,-,-,Vitality Blast,2 teams
31820,Ashish nehra,Tests,17,29,3447,1866,44,4/72,6/117,42.40,3.24,78.3,2,0,0,,
31820,Ashish nehra,ODIs,120,120,5751,4981,157,6/23,6/23,31.72,5.19,36.6,5,2,0,,
31820,Ashish nehra,T20Is,27,27,588,758,34,3/19,3/19,22.29,7.73,17.2,0,0,0,,
31820,Ashish nehra,FC,90,-,16966,8832,303,7/14,-,29.14,3.12,55.9,-,14,4,,
31820,Ashish nehra,List A,201,-,9701,8086,245,6/23,6/23,33.00,5.00,39.5,9,2,0,,
31820,Ashish nehra,T20s,132,132,2845,3653,162,4/10,4/10,22.54,7.70,17.5,2,0,0,,
31820,Ashish nehra,,88,88,1908,2495,106,4/10,4/10,23.53,7.84,18.0,1,0,0,IPL,5 teams
31820,Ashish nehra,,8,8,175,219,10,4/21,4/21,21.90,7.50,17.5,1,0,0,Champions League,2 teams
55427,Andy flower,Tests,63,2,3,4,0,-,-,-,8.00,-,0,0,0,,
55427,Andy flower,ODIs,213,2,30,23,0,-,-,-,4.60,-,0,0,0,,
55427,Andy flower,FC,223,-,629,270,7,1/1,-,38.57,2.57,89.8,-,0,0,,
55427,Andy flower,List A,380,-,132,103,1,1/21,1/21,103.00,4.68,132.0,0,0,0,,
55427,Andy flower,T20s,21,-,-,-,-,-,-,-,-,-,-,-,-,,
55427,Andy flower,,21,-,-,-,-,-,-,-,-,-,-,-,-,Vitality Blast,ESSEX
4108,Trevor bayliss,FC,58,,538,212,8,4/64,-,26.50,2.36,67.2,-,0,0,,
4108,Trevor bayliss,List A,50,,239,168,5,2/13,2/13,33.60,4.21,47.8,0,0,0,,
38710,Daniel vettori,Tests,113,187,28814,12441,362,7/87,12/149,34.36,2.59,79.5,19,20,3,,
38710,Daniel vettori,ODIs,295,277,14060,9674,305,5/7,5/7,31.71,4.12,46.0,8,2,0,,
38710,Daniel vettori,T20Is,34,34,787,748,38,4/20,4/20,19.68,5.70,20.7,1,0,0,,
38710,Daniel vettori,FC,174,-,41258,17981,565,7/87,-,31.82,2.61,73.0,-,33,3,,
38710,Daniel vettori,List A,365,-,17628,11993,387,5/7,5/7,30.98,4.08,45.5,8,2,0,,
38710,Daniel vettori,T20s,143,143,3236,3424,131,4/20,4/20,26.13,6.34,24.7,1,0,0,,
38710,Daniel vettori,,20,20,444,433,12,3/13,3/13,36.08,5.85,37.0,0,0,0,CPL,JT
38710,Daniel vettori,,15,15,348,424,10,2/10,2/10,42.40,7.31,34.8,0,0,0,Big Bash League,BH
38710,Daniel vettori,,34,34,777,879,28,3/15,3/15,31.39,6.78,27.7,0,0,0,IPL,2 teams
38710,Daniel vettori,,6,6,138,161,7,2/25,2/25,23.00,7.00,19.7,0,0,0,Champions League,RCB
44149,Johan botha,Tests,5,10,1017,573,17,4/56,7/102,33.70,3.38,59.8,1,0,0,,
44149,Johan botha,ODIs,78,75,3823,2916,72,4/19,4/19,40.50,4.57,53.0,1,0,0,,
44149,Johan botha,T20Is,40,39,774,823,37,3/16,3/16,22.24,6.37,20.9,0,0,0,,
44149,Johan botha,FC,90,-,14656,7103,220,6/34,-,32.28,2.90,66.6,-,7,1,,
44149,Johan botha,List A,184,-,8782,6455,171,4/19,4/19,37.74,4.41,51.3,3,0,0,,
44149,Johan botha,T20s,222,213,4331,4718,166,4/16,4/16,28.42,6.53,26.0,2,0,0,,
44149,Johan botha,,71,68,1315,1572,42,3/22,3/22,37.42,7.17,31.3,0,0,0,Big Bash League,3 teams
44149,Johan botha,,13,10,144,172,8,2/23,2/23,21.50,7.16,18.0,0,0,0,CPL,TKR
44149,Johan botha,,34,34,694,800,25,3/6,3/6,32.00,6.91,27.7,0,0,0,IPL,3 teams
44149,Johan botha,,10,10,216,209,9,2/34,2/34,23.22,5.80,24.0,0,0,0,Champions League,WAR
44149,Johan botha,,13,13,300,282,12,4/16,4/16,23.50,5.64,25.0,1,0,0,Vitality Blast,NHNTS
8098,Jeff vaughan,FC,28,,54,25,0,-,-,-,2.77,-,0,0,0,,
8098,Jeff vaughan,List A,24,,48,31,1,1/16,1/16,31.00,3.87,48.0,0,0,0,,
8291,Cameron white,Tests,4,8,558,342,5,2/71,3/119,68.40,3.67,111.6,0,0,0,,
8291,Cameron white,ODIs,91,19,331,351,12,3/5,3/5,29.25,6.36,27.5,0,0,0,,
8291,Cameron white,T20Is,47,5,42,51,1,1/11,1/11,51.00,7.28,42.0,0,0,0,,
8291,Cameron white,FC,177,-,13754,8069,195,6/66,-,41.37,3.51,70.5,-,3,1,,
8291,Cameron white,List A,269,-,4136,3729,104,4/15,4/15,35.85,5.40,39.7,4,0,0,,
8291,Cameron white,T20s,240,42,484,708,26,4/10,4/10,27.23,8.77,18.6,1,0,0,,
8291,Cameron white,,75,3,36,47,2,1/12,1/12,23.50,7.83,18.0,0,0,0,Big Bash League,3 teams
8291,Cameron white,,11,1,12,26,1,1/26,1/26,26.00,13.00,12.0,0,0,0,Champions League,3 teams
8291,Cameron white,,38,18,226,314,8,3/16,3/16,39.25,8.33,28.2,0,0,0,Vitality Blast,2 teams
8291,Cameron white,,47,6,42,86,1,1/14,1/14,86.00,12.28,42.0,0,0,0,IPL,3 teams
17073,Peter moores,FC,231,,18,16,0,-,-,-,5.33,-,0,0,0,,
17073,Peter moores,List A,245,,0,0,0,-,-,-,-,-,0,0,0,,
8119,Adam voges,Tests,20,6,76,44,0,-,-,-,3.47,-,0,0,0,,
8119,Adam voges,ODIs,31,15,301,276,6,1/3,1/3,46.00,5.50,50.1,0,0,0,,
8119,Adam voges,T20Is,7,1,12,5,2,2/5,2/5,2.50,2.50,6.0,0,0,0,,
8119,Adam voges,FC,211,-,3770,2021,56,4/92,-,36.08,3.21,67.3,2,0,0,,
8119,Adam voges,List A,191,-,1881,1604,39,3/20,3/20,41.12,5.11,48.2,0,0,0,,
8119,Adam voges,T20s,180,56,566,754,27,2/4,2/4,27.92,7.99,20.9,0,0,0,,
8119,Adam voges,,54,6,66,76,3,1/12,1/12,25.33,6.90,22.0,0,0,0,Big Bash League,2 teams
8119,Adam voges,,62,19,221,265,14,2/4,2/4,18.92,7.19,15.7,0,0,0,Vitality Blast,3 teams
8119,Adam voges,,6,1,12,36,1,1/36,1/36,36.00,18.00,12.0,0,0,0,Champions League,PS
8119,Adam voges,,11,4,42,56,0,-,-,-,8.00,-,0,0,0,CPL,JT
8119,Adam voges,,9,7,54,76,0,-,-,-,8.44,-,0,0,0,IPL,RR
7609,Greg shipperd,FC,112,,30,13,0,-,-,-,2.60,-,0,0,0,,
7609,Greg shipperd,List A,29,,0,0,0,-,-,-,-,-,0,0,0,,
51469,Shivnarine chanderpaul,Tests,164,43,1740,883,9,1/2,1/2,98.11,3.04,193.3,0,0,0,,
51469,Shivnarine chanderpaul,ODIs,268,28,740,636,14,3/18,3/18,45.42,5.15,52.8,0,0,0,,
51469,Shivnarine chanderpaul,T20Is,22,-,-,-,-,-,-,-,-,-,-,-,-,,
51469,Shivnarine chanderpaul,FC,385,-,4812,2532,60,4/48,-,42.20,3.15,80.2,-,0,0,,
51469,Shivnarine chanderpaul,List A,423,-,1681,1388,56,4/22,4/22,24.78,4.95,30.0,2,0,0,,
51469,Shivnarine chanderpaul,T20s,81,-,-,-,-,-,-,-,-,-,-,-,-,,
51469,Shivnarine chanderpaul,,2,-,-,-,-,-,-,-,-,-,-,-,-,CPL,GAW
51469,Shivnarine chanderpaul,,10,-,-,-,-,-,-,-,-,-,-,-,-,Vitality Blast,2 teams
51469,Shivnarine chanderpaul,,15,-,-,-,-,-,-,-,-,-,-,-,-,BPL,2 teams
51469,Shivnarine chanderpaul,,2,-,-,-,-,-,-,-,-,-,-,-,-,Champions League,UvNxt
51469,Shivnarine chanderpaul,,3,-,-,-,-,-,-,-,-,-,-,-,-,IPL,RCB
18497,Trevor penney,FC,158,-,259,184,6,3/18,-,30.66,4.26,43.1,-,0,0,,
18497,Trevor penney,List A,291,-,25,21,1,1/8,1/8,21.00,5.04,25.0,0,0,0,,
18497,Trevor penney,T20s,15,-,-,-,-,-,-,-,-,-,-,-,-,,
18497,Trevor penney,,15,-,-,-,-,-,-,-,-,-,-,-,-,Vitality Blast,WARKS
52036,Rayon griffith,FC,22,,3387,1641,56,6/44,-,29.30,2.90,60.4,-,1,0,,
52036,Rayon griffith,List A,22,,840,655,22,2/23,2/23,29.77,4.67,38.1,0,0,0,,
423951,Malolan rangarajan,FC,47,73,8069,3942,136,7/135,10/78,28.98,2.93,59.3,8,5,1,,
423951,Malolan rangarajan,List A,10,10,495,303,10,2/12,2/12,30.30,3.67,49.5,0,0,0,,
423951,Malolan rangarajan,T20s,2,2,30,40,0,-,-,-,8.00,-,0,0,0,,
53115,Daren sammy,Tests,38,65,6215,3007,84,7/66,8/98,35.79,2.90,73.9,1,4,0,,
53115,Daren sammy,ODIs,126,119,4956,3851,81,4/26,4/26,47.54,4.66,61.1,1,0,0,,
53115,Daren sammy,T20Is,68,59,916,1116,44,5/26,5/26,25.36,7.31,20.8,1,1,0,,
53115,Daren sammy,FC,96,-,13744,6312,217,7/66,-,29.08,2.75,63.3,6,10,0,,
53115,Daren sammy,List A,191,-,7654,5850,154,4/16,4/16,37.98,4.58,49.7,5,0,0,,
53115,Daren sammy,T20s,320,219,3423,4526,160,5/26,5/26,28.28,7.93,21.3,2,1,0,,
53115,Daren sammy,,74,35,569,798,24,3/18,3/18,33.25,8.41,23.7,0,0,0,CPL,SLK
53115,Daren sammy,,49,16,160,256,9,2/21,2/21,28.44,9.60,17.7,0,0,0,PSL,PZ
53115,Daren sammy,,33,20,276,386,10,2/34,2/34,38.60,8.39,27.6,0,0,0,BPL,2 teams
53115,Daren sammy,,17,16,287,407,13,2/20,2/20,31.30,8.50,22.0,0,0,0,Vitality Blast,3 teams
53115,Daren sammy,,11,10,144,220,3,1/8,1/8,73.33,9.16,48.0,0,0,0,Big Bash League,HH
53115,Daren sammy,,22,19,236,350,11,4/22,4/22,31.81,8.89,21.4,1,0,0,IPL,2 teams
53115,Daren sammy,,6,6,108,152,5,2/21,2/21,30.40,8.44,21.6,0,0,0,Champions League,SRH
52934,Phil simmons,Tests,26,16,624,257,4,2/34,2/57,64.25,2.47,156.0,0,0,0,,
52934,Phil simmons,ODIs,143,103,3880,2876,83,4/3,4/3,34.65,4.44,46.7,2,0,0,,
52934,Phil simmons,FC,207,-,13196,6138,214,7/49,-,28.68,2.79,61.6,-,5,0,,
52934,Phil simmons,List A,306,-,9616,7381,215,5/33,5/33,34.33,4.60,44.7,3,3,0,,
10887,Carl crowe,FC,42,-,4534,2271,60,4/47,-,37.85,3.00,75.5,-,0,0,,
10887,Carl crowe,List A,40,-,1334,1071,33,4/30,4/30,32.45,4.81,40.4,1,0,0,,
10887,Carl crowe,T20s,1,-,-,-,-,-,-,-,-,-,-,-,-,,
10887,Carl crowe,,1,-,-,-,-,-,-,-,-,-,-,-,-,Vitality Blast,LEICS
49178,Rangana herath,Tests,93,170,25993,12157,433,9/127,14/184,28.07,2.80,60.0,20,34,9,,
49178,Rangana herath,ODIs,71,67,3242,2362,74,4/20,4/20,31.91,4.37,43.8,1,0,0,,
49178,Rangana herath,T20Is,17,17,365,373,18,5/3,5/3,20.72,6.13,20.2,0,1,0,,
49178,Rangana herath,FC,270,-,59620,27160,1080,9/127,-,25.14,2.73,55.2,-,70,14,,
49178,Rangana herath,List A,190,-,8256,5732,226,4/19,4/19,25.36,4.16,36.5,5,0,0,,
49178,Rangana herath,T20s,53,51,1110,1129,57,5/3,5/3,19.80,6.10,19.4,0,1,0,,
49178,Rangana herath,,5,5,108,79,3,2/7,2/7,26.33,4.38,36.0,0,0,0,Champions League,Wayam
45086,Graham ford,FC,7,,0,0,0,-,-,-,-,-,0,0,0,,
49010,Avishka gunawardene,Tests,6,-,-,-,-,-,-,-,-,-,-,-,-,,
49010,Avishka gunawardene,ODIs,61,-,-,-,-,-,-,-,-,-,-,-,-,,
49010,Avishka gunawardene,FC,129,-,18,28,0,-,-,-,9.33,-,0,0,0,,
49010,Avishka gunawardene,List A,184,-,0,0,0,-,-,-,-,-,0,0,0,,
49010,Avishka gunawardene,T20s,6,-,-,-,-,-,-,-,-,-,-,-,-,,
50856,Piyal wijetunge,Tests,1,2,312,118,2,1/58,2/118,59.00,2.26,156.0,0,0,0,,
50856,Piyal wijetunge,FC,65,-,9559,4907,161,7/51,-,30.47,3.08,59.3,-,3,1,,
50856,Piyal wijetunge,List A,7,-,288,150,7,3/15,3/15,21.42,3.12,41.1,0,0,0,,
37737,Brendon mccullum,Tests,101,8,175,88,1,1/1,1/13,88.00,3.01,175.0,0,0,0,,
37737,Brendon mccullum,ODIs,260,-,-,-,-,-,-,-,-,-,-,-,-,,
37737,Brendon mccullum,T20Is,71,-,-,-,-,-,-,-,-,-,-,-,-,,
37737,Brendon mccullum,FC,150,-,259,140,1,1/1,1/13,140.00,3.24,259.0,0,0,0,,
37737,Brendon mccullum,List A,309,-,0,0,0,-,-,-,-,-,0,0,0,,
37737,Brendon mccullum,T20s,370,1,6,13,0,-,-,-,13.00,-,0,0,0,,
37737,Brendon mccullum,,35,-,-,-,-,-,-,-,-,-,-,-,-,Big Bash League,BH
37737,Brendon mccullum,,8,-,-,-,-,-,-,-,-,-,-,-,-,APL,KK
37737,Brendon mccullum,,33,-,-,-,-,-,-,-,-,-,-,-,-,CPL,TKR
37737,Brendon mccullum,,109,-,-,-,-,-,-,-,-,-,-,-,-,IPL,5 teams
37737,Brendon mccullum,,18,1,6,13,0,-,-,-,13.00,-,0,0,0,PSL,LQ
37737,Brendon mccullum,,12,-,-,-,-,-,-,-,-,-,-,-,-,BPL,RPR
37737,Brendon mccullum,,37,-,-,-,-,-,-,-,-,-,-,-,-,Vitality Blast,4 teams
37737,Brendon mccullum,,17,-,-,-,-,-,-,-,-,-,-,-,-,Champions League,3 teams
21585,Marcus trescothick,Tests,76,10,300,155,1,1/34,1/34,155.00,3.10,300.0,0,0,0,,
21585,Marcus trescothick,ODIs,123,13,232,219,4,2/7,2/7,54.75,5.66,58.0,0,0,0,,
21585,Marcus trescothick,T20Is,3,-,-,-,-,-,-,-,-,-,-,-,-,,
21585,Marcus trescothick,FC,391,-,2704,1551,36,4/36,-,43.08,3.44,75.1,-,0,0,,
21585,Marcus trescothick,List A,372,-,2010,1644,57,4/50,4/50,28.84,4.90,35.2,1,0,0,,
21585,Marcus trescothick,T20s,89,-,-,-,-,-,-,-,-,-,-,-,-,,
21585,Marcus trescothick,,84,-,-,-,-,-,-,-,-,-,-,-,-,Vitality Blast,SOM
21585,Marcus trescothick,,2,-,-,-,-,-,-,-,-,-,-,-,-,Champions League,SOM
10772,Paul collingwood,Tests,68,59,1905,1018,17,3/23,3/35,59.88,3.20,112.0,0,0,0,,
10772,Paul collingwood,ODIs,197,151,5186,4294,111,6/31,6/31,38.68,4.96,46.7,3,1,0,,
10772,Paul collingwood,T20Is,36,20,234,347,16,4/22,4/22,21.68,8.89,14.6,1,0,0,,
10772,Paul collingwood,FC,306,-,12706,6396,166,5/52,-,38.53,3.02,76.5,-,2,0,,
10772,Paul collingwood,List A,428,-,11482,9228,273,6/31,6/31,33.80,4.82,42.0,5,1,0,,
10772,Paul collingwood,T20s,148,108,1852,2245,99,5/6,5/6,22.67,7.27,18.7,4,2,0,,
10772,Paul collingwood,,77,67,1313,1527,70,5/6,5/6,21.81,6.97,18.7,3,2,0,Vitality Blast,DURH
10772,Paul collingwood,,1,1,6,14,0,-,-,-,14.00,-,0,0,0,Champions League,PS
10772,Paul collingwood,,9,2,18,33,0,-,-,-,11.00,-,0,0,0,Big Bash League,PS
10772,Paul collingwood,,8,6,89,101,5,2/19,2/19,20.20,6.80,17.8,0,0,0,IPL,DC
38141,Jeetan patel,Tests,24,42,5833,3078,65,5/110,6/151,47.35,3.16,89.7,2,1,0,,
38141,Jeetan patel,ODIs,43,42,2014,1691,49,3/11,3/11,34.51,5.03,41.1,0,0,0,,
38141,Jeetan patel,T20Is,11,10,199,269,16,3/20,3/20,16.81,8.11,12.4,0,0,0,,
38141,Jeetan patel,FC,293,-,61003,29239,892,8/36,-,32.77,2.87,68.3,-,38,7,,
38141,Jeetan patel,List A,231,-,11229,8748,288,5/43,5/43,30.37,4.67,38.9,10,2,0,,
38141,Jeetan patel,T20s,241,233,5009,5882,240,4/11,4/11,24.50,7.04,20.8,4,0,0,,
38141,Jeetan patel,,139,136,2994,3492,141,4/19,4/19,24.76,6.99,21.2,2,0,0,Vitality Blast,WARKS
12856,Andrew flintoff,Tests,79,137,14951,7410,226,5/58,8/156,32.78,2.97,66.1,11,3,0,,
12856,Andrew flintoff,ODIs,141,119,5624,4121,169,5/19,5/19,24.38,4.39,33.2,6,2,0,,
12856,Andrew flintoff,T20Is,7,7,150,161,5,2/23,2/23,32.20,6.44,30.0,0,0,0,,
12856,Andrew flintoff,FC,183,-,22799,11059,350,5/24,-,31.59,2.91,65.1,-,4,0,,
12856,Andrew flintoff,List A,282,-,9416,6536,289,5/19,5/19,22.61,4.16,32.5,10,2,0,,
12856,Andrew flintoff,T20s,39,34,657,827,39,4/12,4/12,21.20,7.55,16.8,1,0,0,,
12856,Andrew flintoff,,7,6,72,136,3,2/41,2/41,45.33,11.33,24.0,0,0,0,Big Bash League,BH
12856,Andrew flintoff,,19,15,299,347,25,4/12,4/12,13.88,6.96,11.9,1,0,0,Vitality Blast,LANCS
12856,Andrew flintoff,,3,3,66,105,2,1/11,1/11,52.50,9.54,33.0,0,0,0,IPL,CSK
15881,Neil killeen,FC,102,-,16499,8215,262,7/70,-,31.35,2.98,62.9,-,9,0,,
15881,Neil killeen,List A,226,-,10631,7376,304,6/31,6/31,24.26,4.16,34.9,7,5,0,,
15881,Neil killeen,T20s,45,45,933,1141,47,4/7,4/7,24.27,7.33,19.8,2,0,0,,
15881,Neil killeen,,45,45,933,1141,47,4/7,4/7,24.27,7.33,19.8,2,0,0,Vitality Blast,DURH
